keyword,count
specified fiscal rule,3
effect day rescinded,3
escission unobligated balance,3
treasury appropriated remain,3
internal revenue code,2
apply taxable,2
appropriated remain available,2
alien child meaning,2
food urban rural,1
redesignating fol lowing,1
death disability ffective,1
tips purposes sec,1
payments tatement furnished,1
separate accounting,1
fol lowing new,1
employee sec tion,1
itemize deductions,1
follows ualified hazardous,1
enacted ffective amendments,1
accounts permitted iii,1
results refinancing indebted,1
december odified inflation,1
wagering,1
reimbursement january hrough,1
bicycle com muting,1
application limitation allowance,1
amendments,1
eginning ffective amendments,1
extension limitation,1
thresholds fore january,1
estate gift,1
limitations case taxpayer,1
expanded child,1
trailer camper vehicle,1
employer taken,1
passenger vehicle regulations,1
contributions indi viduals,1
health plan pecified,1
accounts contribution pilot,1
qualifying child etermination,1
adding end,1
account officers employees,1
benefit account beneficiary,1
beneficiary qualified higher,1
contributed trump account,1
new,1
tax relief divi,1
exclusion certain employer,1
postsecondary employment cre,1
ing serting serting,1
students disabilities licensed,1
private religious schools,1
total ceipts scholarship,1
subchapter scholarship granting,1
taxable exceeds limitation,1
notarized income verification,1
secondary education expenses,1
granting,1
allowed djustments inflation,1
amendments apply taxable,1
sub regulations guidance,1
ffective amendments,1
change rate tax,1
rate bracket,1
lease reimburse lessee,1
project pay acreage,1
adding end fiscal,1
gulf america unless,1
opinion federally regulated,1
continental shelf approve,1
issuance leases,1
lease sales required,1
fee processing,1
climate,1
sponsor project sponsor,1
reviews national,1
federal land cov,1
interior january actions,1
care expense arrangement,1
mineral leasing federal,1
lease sec,1
bureau land management,1
conditions leases reissued,1
electricity facility,1
equirement conducting lease,1
reconciliation pursuant res,1
wellbore traverses,1
leasing designation follows,1
leaseholder certifies compliance,1
abandoned percent compliance,1
gas lease issued,1
interior agriculture spect,1
forest rangeland renewable,1
rescission investing,1
marine,1
control staffing mod,1
ira rescissions,1
carrier safety administration,1
fee motor,1
guidance necessary,1
covered electric vehicle,1
states code fiscal,1
commandant submit,1
coast guard yard,1
authorized office subject,1
enrollment health,1
fee equal filing,1
civil service subject,1
apply january apply,1
lands fiscal accordance,1
forest plan allowable,1
public lands covered,1
contract chief,1
celebrations activities related,1
rescission,1
bureau,1
management rescinded,1
available rescinded,1
capacity existing reau,1
addition available appropriated,1
specified class employees,1
ment sub,1
health option indi,1
compensation tax,1
tax specified sec,1
taxes ncreased rates,1
remedies,1
deduction extent aggregate,1
disallowed loss carryover,1
research research,1
business separate unre,1
tradable tablished securities,1
investment income related,1
purposes sub federally,1
number eligible students,1
modification excise,1
specified covered employee,1
applications permits drill,1
similar tax reductions,1
local tax allocation,1
chapter taxes payments,1
tax benefits possess,1
iii tax described,1
case specified sports,1
storage carbon capture,1
transferability amendments apply,1
graph amendments apply,1
tax able axpayer,1
termination,1
production credit estrictions,1
country imposes unfair,1
foreign corporation foreign,1
discriminatory tax generally,1
transferred tax,1
contingent fee connection,1
multiple violations,1
propriated fiscal ending,1
fied benefit termination,1
fraud abuse ncreased,1
qualifying child meaning,1
account child qualifying,1
reforms arned,1
medicare medicaid serv,1
seq preceding provisions,1
tax cred conforming,1
regulations guidance,1
plan enrolled exchange,1
number ffective amendments,1
remittance trans fer,1
remittance transfer provider,1
tax remittance,1
subchapter subchapter,1
reaffirmed cuba,1
certain individuals xviii,1
affordable care case,1
aliens individuals lawfully,1
migration cuban,1
apply services performed,1
commercial shipments civil,1
entities amendments,1
repeal,1
described taxpayer rents,1
zone businesses qualified,1
qualified opportunity fund,1
fied opportunity zone,1
rural area percentage,1
property treatment qualified,1
qualified production activities,1
incurred december additional,1
taxpayer described ffective,1
taxed income percent,1
deduction beginning,1
research credit amendments,1
amortization deduction expenditures,1
expenditures sec tion,1
depreciation,1
make rural,1
effective ubsection amendments,1
expenses eligible reimbursement,1
expenses incurred establishment,1
hsa distributions preceding,1
allow spouses make,1
fitness facility membership,1
treated single employer,1
health sav ings,1
irect primary care,1
health savings accounts,1
employer periods,1
employees determined rules,1
filed qualified,1
begins december construction,1
requirements qualified opportunity,1
entities iii onstituent,1
terests entity etermination,1
electricity efinitions,1
credit read follows,1
paragraphs ffective amendments,1
improvement credit read,1
property credit,1
pursuant written,1
credit redesignating,1
ffective apply vehicles,1
needs county equiva,1
expanding rural emergency,1
rural america main,1
modification clean fuel,1
formed virgin islands,1
gross receipts taxable,1
designated housing entity,1
building sisted financed,1
television production qualified,1
loan secured real,1
ter preceding provisions,1
increase threshold,1
reportable payments ffective,1
calendar ing determined,1
percentage income residents,1
entitled lease lands,1
function apart solicitation,1
requirements mineral leasing,1
effect prohibition education,1
avail able carry,1
grant formula ormula,1
charged student completion,1
increasing postsecondary afford,1
award succeeding award,1
opportunities maximize investments,1
remit reimbursement student,1
reimbursement student cohort,1
loan qualifying student,1
completed study enrolled,1
serting succeeding fis,1
credential students credential,1
students eligible,1
ffective application amendments,1
eligibility oreign income,1
obligated administrative costs,1
education redesignating clauses,1
amendments effect actment,1
forbearance eading higher,1
loan federal direct,1
repayment amendments xcepted,1
balance loans borrower,1
par ticipated repayment,1
repayment provision,1
loan pursuant come,1
baccalaureate certifi cate,1
limitation,1
student borrow parent,1
negotiated rulemaking,1
streamlining medicaid medicare,1
legacy business systems,1
broadband services combination,1
economy standards,1
multi pollutant emissions,1
repealed escission,1
carbon labeling,1
ronmental protection agency,1
greenhouse gas air,1
subsections,1
greenhouse gas corporate,1
ing enforcement,1
available clean air,1
law effect,1
greenhouse gas,1
clean air,1
sponsor entity incorporated,1
tribution covered energy,1
ered energy projects,1
invalidity agency action,1
natural gas approval,1
tion,1
expenses addition available,1
harge exportation importation,1
available public law,1
repayment plans available,1
student enrolled,1
individuals enrolled state,1
gram food security,1
reinsurance corpora tion,1
insurance coverage level,1
assistance livestock honey,1
premiums affected livestock,1
agricultural amending,1
defining refined sugar,1
crop unable market,1
crop price quotation,1
payments crop,1
crop loan,1
payment benefit agricultural,1
acres ayment yield,1
acreage planted,1
agricultural adding,1
ance,1
household eligible,1
preven tion grant,1
food,1
uses administer supplemental,1
seven age age,1
percent,1
food nutrition,1
modem rentals fees,1
member households hird,1
able bodied adults,1
engage poultry,1
available carry fiscal,1
education received loan,1
agricultural adding end,1
plus loans student,1
credential level level,1
education isclosure,1
cuba united states,1
september iii committee,1
plan required later,1
land acquisition military,1
defense classified memorandum,1
maintenance counter narcotics,1
readiness capabilities,1
air force regionally,1
missile pursuant national,1
defense resources,1
defense addition available,1
commands military departments,1
warfare systems expansion,1
navy air defense,1
department defense resources,1
utility shipyard production,1
marine corps barracks,1
miscellaneous nimal,1
grants specialty crops,1
security,1
advisory committees,1
payment fiscal county,1
eligibility enroll,1
state plan managed,1
citation failure comply,1
fiscal equal sum,1
transfer immigration examina,1
immigration appeals fee,1
homeland security fee,1
ning fiscal fiscal,1
speci fied fiscal,1
visa addition fee,1
status fee,1
employment authorization applicant,1
parolee seeks,1
waiver fee imposed,1
attorney impose fee,1
immigration tionality avail,1
validity alien admission,1
human services depos,1
fee specified,1
prior fiscal rounded,1
medical emergency alien,1
adjustment beginning fiscal,1
employment authorization sec,1
review citizenship immigration,1
nationality fees apply,1
federal,1
costs protection,1
grants states costs,1
efforts enhance border,1
sentence deposited fund,1
cal ubsequent adjustment,1
impedes border,1
conclusion unaccompanied alien,1
unfit employment,1
report settlement agreement,1
definitions overed agency,1
personnel investigate,1
fentanyl precursor chemicals,1
personnel train ing,1
child fined homeland,1
residents individual household,1
resettlement fiscal money,1
immigration customs,1
department homeland security,1
purposes hiring additional,1
state complying requests,1
treasury appropriated,1
family unity,1
enforcement fiscal,1
appropriation addition wise,1
information technology investments,1
customs enforcement fiscal,1
hired fiscal individuals,1
immigration customs enforcement,1
discretion homeland security,1
immigration judges expanding,1
additional adjudication,1
fee described apply,1
border protection sonnel,1
fund financial stability,1
state requirements ensuring,1
waiver plan provide,1
projects social security,1
tax able units,1
total published medicare,1
pro vided legislation,1
prior january,1
federal payments prohibited,1
fertilization,1
specified gender,1
states code apply,1
cost drug group,1
outpatient drugs accompanying,1
multiple pharmacy,1
pharmacy dispenses prescription,1
provisions pharmacy,1
retail pharmacy determina,1
pregnancy related assistance,1
staffing standards long,1
quarter state form,1
immigration status,1
tion medicaid,1
apply purposes termining,1
assistance state plan,1
medical assistance described,1
social security adding,1
waiver plan state,1
waiver plan specified,1
requirement iii report,1
victims second sentence,1
medical needs includ,1
balances fund treasury,1
regulations board existing,1
balance available public,1
appropriated fiscal remain,1
ager affiliate pharmacy,1
formats pharmacy,1
pharmacy benefit man,1
information list currently,1
retained pharmacy benefit,1
manager affiliate pharmacy,1
pdp sponsor pharmacy,1
subsequent percent,1
period ennessee dsh,1
health care pursuant,1
clarifying exclusion orphan,1
coverage includes coverage,1
alien lawfully present,1
services furnished gender,1
affordable care seq,1
tax advance,1
eligibility individual taxable,1
period prior enrolling,1
sentence ing affordable,1
state plan serv,1
education state state,1
debt,1
